{"cameraMode":{"drawMode":0,"name":"Shaded","section":"Shading Mode"},"sceneLighting":true,"audioPlay":false,"sceneViewState":{"showFog":false,"showMaterialUpdate":false,"showSkybox":false,"showFlares":false,"showImageEffects":false,"showParticleSystems":true},"in2DMode":false,"pivot":{"x":1.7813140153884888,"y":0.33151015639305117,"z":-0.6160061359405518},"rotation":{"x":0.23417149484157563,"y":0.34106889367103579,"z":-0.08814320713281632,"w":0.9061272144317627},"size":4.121109962463379,"orthographic":true}