{"cameraMode":{"drawMode":0,"name":"Shaded","section":"Shading Mode"},"sceneLighting":false,"audioPlay":false,"sceneViewState":{"showFog":false,"showMaterialUpdate":false,"showSkybox":false,"showFlares":false,"showImageEffects":false,"showParticleSystems":true},"in2DMode":false,"pivot":{"x":1.0742231607437134,"y":-0.18953394889831544,"z":0.17797231674194337},"rotation":{"x":0.015238109976053238,"y":0.9843974709510803,"z":-0.13671615719795228,"w":0.1097189411520958},"size":5.445234775543213,"orthographic":false}