{"cameraMode":{"drawMode":0,"name":"Shaded","section":"Shading Mode"},"sceneLighting":true,"audioPlay":false,"sceneViewState":{"showFog":true,"showMaterialUpdate":false,"showSkybox":true,"showFlares":true,"showImageEffects":true,"showParticleSystems":true},"in2DMode":false,"pivot":{"x":4.8592658042907719,"y":-3.6850647926330568,"z":4.851349830627441},"rotation":{"x":0.23657390475273133,"y":0.34943869709968569,"z":-0.091637022793293,"w":0.9019760489463806},"size":5.279280662536621,"orthographic":false}