{"cameraMode":{"drawMode":0,"name":"Shaded","section":"Shading Mode"},"sceneLighting":true,"audioPlay":false,"sceneViewState":{"showFog":true,"showMaterialUpdate":false,"showSkybox":true,"showFlares":true,"showImageEffects":true,"showParticleSystems":true},"in2DMode":false,"pivot":{"x":255.51907348632813,"y":-1548.3245849609375,"z":3645.717529296875},"rotation":{"x":0.20346492528915406,"y":-0.005873972084373236,"z":0.0012225713580846787,"w":0.979067862033844},"size":2408.767822265625,"orthographic":false}