{"cameraMode":{"drawMode":2,"name":"Shaded Wireframe","section":"Shading Mode"},"sceneLighting":true,"audioPlay":false,"sceneViewState":{"showFog":true,"showMaterialUpdate":false,"showSkybox":true,"showFlares":true,"showImageEffects":true,"showParticleSystems":true},"in2DMode":false,"pivot":{"x":0.07863068580627442,"y":21.532697677612306,"z":-20.001937866210939},"rotation":{"x":-0.011137808673083783,"y":-0.9925472140312195,"z":0.07602787762880326,"w":-0.0969286635518074},"size":1.8541450500488282,"orthographic":false}