{"cameraMode":{"drawMode":0,"name":"Shaded","section":"Shading Mode"},"sceneLighting":true,"audioPlay":false,"sceneViewState":{"showFog":false,"showMaterialUpdate":false,"showSkybox":false,"showFlares":false,"showImageEffects":false,"showParticleSystems":false},"in2DMode":false,"pivot":{"x":262.4188232421875,"y":2.024982452392578,"z":184.4677734375},"rotation":{"x":0.018527362495660783,"y":0.9773829579353333,"z":-0.09708473831415177,"w":0.18695960938930512},"size":11.578422546386719,"orthographic":false}