{"cameraMode":{"drawMode":0,"name":"Shaded","section":"Shading Mode"},"sceneLighting":true,"audioPlay":false,"sceneViewState":{"showFog":false,"showMaterialUpdate":false,"showSkybox":false,"showFlares":false,"showImageEffects":false,"showParticleSystems":false},"in2DMode":false,"pivot":{"x":1.348811388015747,"y":0.9374048709869385,"z":-3.044214963912964},"rotation":{"x":-0.09341824054718018,"y":-0.9070017337799072,"z":0.2575424909591675,"w":-0.3198325037956238},"size":3.8394062519073488,"orthographic":false}