{"cameraMode":{"drawMode":0,"name":"Shaded","section":"Shading Mode"},"sceneLighting":false,"audioPlay":false,"sceneViewState":{"showFog":false,"showMaterialUpdate":false,"showSkybox":false,"showFlares":false,"showImageEffects":false,"showParticleSystems":false},"in2DMode":false,"pivot":{"x":-3.7031798362731935,"y":1.0241601467132569,"z":-2.211570978164673},"rotation":{"x":-0.26949816942214968,"y":0.3443606197834015,"z":-0.10653379559516907,"w":-0.8929933905601502},"size":0.9355307221412659,"orthographic":false}