{"cameraMode":{"drawMode":0,"name":"Shaded","section":"Shading Mode"},"sceneLighting":true,"audioPlay":false,"sceneViewState":{"showFog":false,"showMaterialUpdate":false,"showSkybox":false,"showFlares":false,"showImageEffects":false,"showParticleSystems":false},"in2DMode":false,"pivot":{"x":2.781403064727783,"y":0.3889365792274475,"z":-1.0551118850708008},"rotation":{"x":-0.09451558440923691,"y":-0.8851304054260254,"z":0.19725923240184785,"w":-0.41073077917099},"size":3.55391263961792,"orthographic":false}